review,sentiment
"This product is absolutely amazing, I love it!",positive
"Great quality and fast delivery, highly recommend",positive
"Best purchase I have ever made, works perfectly",positive
"Excellent service and wonderful experience overall",positive
"Fantastic product, exceeded all my expectations",positive
"Really good value for money, very satisfied",positive
"Outstanding quality, will definitely buy again",positive
"Perfect item, exactly as described and very fast",positive
"Superb craftsmanship and brilliant customer support",positive
"Incredible product, changed my life for the better",positive
"Loved everything about this, five stars easily",positive
"Wonderful surprise, packaging was great too",positive
"Brilliant product, very happy with my purchase today",positive
"Top quality and speedy delivery, very impressed",positive
"Absolutely delighted with this fantastic item",positive
"Superb value and great quality, highly satisfied",positive
"Love this product, works great every single time",positive
"Really impressed with quality and fast shipping",positive
"Excellent item and brilliant customer service team",positive
"Highly recommended, exactly what I was looking for",positive
"This is terrible, complete waste of my money",negative
"Awful product, broke after just one day of use",negative
"Worst purchase ever, totally disappointed with this",negative
"Very poor quality, nothing like the description at all",negative
"Horrible experience, customer service was useless",negative
"Do not buy this, it is a complete scam product",negative
"Disgusting quality, fell apart immediately after arrival",negative
"Total garbage, returned it the very next day",negative
"Extremely disappointing, expected much better quality",negative
"Defective item received, very unhappy with purchase",negative
"Cheap and nasty, broke on first use completely",negative
"Never buying from this seller again, terrible product",negative
"Absolutely dreadful, worst thing I have ever bought",negative
"Complete rubbish, does not work at all properly",negative
"Very bad quality and terrible packaging on arrival",negative
"Disgusted with this product, total disappointment",negative
"Useless item, stopped working after two days only",negative
"Shocking quality, nothing as described in listing",negative
"Dreadful service and broken product, very angry",negative
"Avoid this seller, product is complete garbage",negative
"It is okay, nothing special but does the job",neutral
"Average product, meets basic expectations nothing more",neutral
"Decent enough for the price, no complaints really",neutral
"Neither good nor bad, just a standard product",neutral
"Works as advertised, not amazing but acceptable",neutral
"Fairly average, some good points and some bad",neutral
"It arrived on time, product is fine I suppose",neutral
"Not the best but not the worst, just okay",neutral
"Standard quality, does what it says on the box",neutral
"Mediocre product, could be better but could be worse",neutral
"Alright for the price, nothing to write home about",neutral
"Passable quality, adequate for basic everyday use",neutral
"Not bad but not great either, just average",neutral
"It functions as expected, nothing remarkable though",neutral
"Reasonable quality for the price I paid overall",neutral
"It does the job, but nothing special at all",neutral
"Pretty standard product, no issues but no wow factor",neutral
"Acceptable for the price, not amazing but fine",neutral
"Just average, nothing that stands out really",neutral
"Typical product, works okay nothing more nothing less",neutral
